timestamp,frame_id,stage,latency_ms,cpu_percent,memory_rss_bytes,event_count
1784450690.942979,0,detect,18.048526763916016,0,0,0
1784450691.1270032,0,track,9.516366958618164,0,0,0
1784450691.1310296,0,detect,17.164432525634766,0,0,0
1784450691.2624087,0,track,8.954822540283203,0,0,0
1784450691.3084621,0,pose,30.140432357788086,0,0,0
1784450691.3095038,0,e2e,739.7982359998423,0,0,0
1784450691.3228734,-1,process:analysis_actor_1,0,171.1,118865920,0
1784450691.4010801,1,detect,18.201509475708008,0,0,0
1784450691.409656,0,pose,30.92177391052246,0,0,0
1784450691.411531,0,e2e,530.9534059997532,0,0,0
1784450691.427509,-1,process:analysis_actor_0,0,0.0,114020352,0
1784450691.4373162,1,track,9.031391143798828,0,0,0
1784450691.5261483,1,detect,19.56234359741211,0,0,0
1784450691.5664172,1,pose,29.808866500854492,0,0,0
1784450691.56702,1,e2e,890.5853440010105,0,0,0
1784450691.5860026,1,track,8.902926445007324,0,0,0
1784450691.6563659,2,detect,16.789474487304688,0,0,0
1784450691.695512,1,pose,32.158470153808594,0,0,0
1784450691.6979816,1,e2e,734.5453890011413,0,0,0
1784450691.7011864,0,detect,18.114599227905273,0,0,0
1784450691.712493,2,track,8.710795402526855,0,0,0
1784450691.745168,0,track,9.286617279052734,0,0,0
1784450691.7697954,2,detect,18.874942779541016,0,0,0
1784450691.8049252,2,pose,27.809406280517578,0,0,0
1784450691.8073957,2,e2e,1049.649598000542,0,0,0
1784450691.8163218,0,pose,30.702247619628906,0,0,0
1784450691.8173656,0,e2e,254.81026899979042,0,0,0
1784450691.830058,-1,process:analysis_actor_2,0,0.0,116727808,0
1784450691.8316326,2,track,9.97579288482666,0,0,0
1784450691.8543503,0,detect,19.70000648498535,0,0,0
1784450691.8685482,3,detect,16.8262882232666,0,0,0
1784450691.8937457,1,detect,17.706621170043945,0,0,0
1784450691.8966901,2,pose,27.1883602142334,0,0,0
1784450691.8981638,2,e2e,862.8897050002706,0,0,0
1784450691.9194639,3,track,8.656838417053223,0,0,0
1784450691.926247,0,track,9.622486114501953,0,0,0
1784450691.9365008,1,track,9.294599533081055,0,0,0
1784450691.9613554,3,detect,16.51036834716797,0,0,0
1784450691.9905047,3,pose,27.24698829650879,0,0,0
1784450691.9911506,3,e2e,1141.9662080006674,0,0,0
1784450692.0027056,3,track,9.101012229919434,0,0,0
1784450692.00744,0,pose,30.359495162963867,0,0,0
1784450692.0094748,0,e2e,262.5519779994647,0,0,0
1784450692.0218303,-1,process:analysis_actor_3,0,195.1,116760576,0
1784450692.0299258,1,pose,31.728906631469727,0,0,0
1784450692.0321462,1,e2e,393.80282599995553,0,0,0
1784450692.0435152,6,detect,18.48908042907715,0,0,0
1784450692.0596962,3,pose,31.237709045410156,0,0,0
1784450692.0625067,3,e2e,930.3092150003067,0,0,0
1784450692.0719407,1,detect,20.52365493774414,0,0,0
1784450692.0813355,6,track,9.179357528686523,0,0,0
1784450692.0980952,2,detect,18.046049118041992,0,0,0
1784450692.1004777,1,track,8.771124839782715,0,0,0
1784450692.1148202,4,detect,16.863422393798828,0,0,0
1784450692.1341538,2,track,9.770029067993164,0,0,0
1784450692.137673,6,pose,29.73649787902832,0,0,0
1784450692.140619,6,e2e,1078.1847050002398,0,0,0
1784450692.1618958,4,track,9.402297973632812,0,0,0
1784450692.1848314,1,pose,29.474964141845703,0,0,0
1784450692.185985,1,e2e,361.7789950003498,0,0,0
1784450692.199845,8,detect,18.119388580322266,0,0,0
1784450692.2048936,2,pose,30.130216598510742,0,0,0
1784450692.2069373,2,e2e,504.7805550002522,0,0,0
1784450692.2328467,2,detect,16.136240005493164,0,0,0
1784450692.2402167,8,track,9.990692138671875,0,0,0
1784450692.2457745,4,pose,28.078683853149414,0,0,0
1784450692.247397,4,e2e,1018.5045529997296,0,0,0
1784450692.2656813,2,track,9.55014419555664,0,0,0
1784450692.2710276,3,detect,16.755218505859375,0,0,0
1784450692.2941303,5,detect,16.375539779663086,0,0,0
1784450692.3141537,8,pose,29.654878616333008,0,0,0
1784450692.3148632,8,e2e,1113.220444000035,0,0,0
1784450692.3224535,3,track,10.153800010681152,0,0,0
1784450692.3326883,5,track,9.864580154418945,0,0,0
1784450692.342049,2,pose,28.042770385742188,0,0,0
1784450692.3435454,2,e2e,448.12040899887506,0,0,0
1784450692.3635037,10,detect,18.38241958618164,0,0,0
1784450692.4043522,5,pose,31.017921447753906,0,0,0
1784450692.4057739,5,e2e,1119.5855390014913,0,0,0
1784450692.451147,3,pose,34.35564422607422,0,0,0
1784450692.4521892,3,e2e,627.020101999733,0,0,0
1784450692.4703865,10,track,8.45793628692627,0,0,0
1784450692.475066,3,detect,17.304851531982422,0,0,0
1784450692.5107794,3,track,8.604694366455078,0,0,0
1784450692.5307887,10,pose,30.893953323364258,0,0,0
1784450692.5340948,10,e2e,1218.1283390000317,0,0,0
1784450692.5547874,4,detect,16.920320510864258,0,0,0
1784450692.5597985,8,detect,17.2098445892334,0,0,0
1784450692.586541,3,pose,32.93476104736328,0,0,0
1784450692.587438,3,e2e,628.2294240008923,0,0,0
1784450692.596726,4,track,9.067182540893555,0,0,0
1784450692.6067111,13,detect,16.370512008666992,0,0,0
1784450692.618998,8,track,8.830463409423828,0,0,0
1784450692.6346178,13,track,9.95052719116211,0,0,0
1784450692.6484714,4,detect,18.72064971923828,0,0,0
1784450692.6584191,4,pose,35.05517578125,0,0,0
1784450692.659526,4,e2e,808.7121059998026,0,0,0
1784450692.6797621,8,pose,30.377315521240234,0,0,0
1784450692.681741,8,e2e,1208.8228430002346,0,0,0
1784450692.6927102,4,track,9.057540893554688,0,0,0
1784450692.7072875,5,detect,16.261579513549805,0,0,0
1784450692.711706,13,pose,30.557401657104492,0,0,0
1784450692.7133582,13,e2e,1187.9707719999715,0,0,0
1784450692.7407916,11,detect,17.5049991607666,0,0,0
1784450692.7574122,4,pose,30.918283462524414,0,0,0
1784450692.7620957,5,track,9.464385032653809,0,0,0
1784450692.7629852,4,e2e,728.5989319989312,0,0,0
1784450692.7683723,16,detect,16.315940856933594,0,0,0
1784450692.7808316,11,track,8.71781063079834,0,0,0
1784450692.8005812,5,pose,29.109336853027344,0,0,0
1784450692.801501,5,e2e,884.6635480003897,0,0,0
1784450692.8099418,16,track,10.206793785095215,0,0,0
1784450692.8229756,5,detect,16.47425651550293,0,0,0
1784450692.8632371,11,pose,31.094280242919922,0,0,0
1784450692.865024,11,e2e,1178.5749450009462,0,0,0
1784450692.8879552,6,detect,17.200414657592773,0,0,0
1784450692.890505,5,track,8.813063621520996,0,0,0
1784450692.8971334,16,pose,27.414718627929688,0,0,0
1784450692.89908,16,e2e,1188.9692950007884,0,0,0
1784450692.9169087,14,detect,16.322080612182617,0,0,0
1784450692.929681,6,track,12.12519645690918,0,0,0
1784450692.9514377,14,track,9.115316390991211,0,0,0
1784450692.9529016,5,pose,29.613685607910156,0,0,0
1784450692.9597042,5,e2e,862.6218720000907,0,0,0
1784450692.9630282,19,detect,17.55400848388672,0,0,0
1784450692.9936166,6,pose,30.702861785888672,0,0,0
1784450692.994445,6,e2e,1015.5294929991214,0,0,0
1784450693.0024827,14,pose,26.960145950317383,0,0,0
1784450693.0031147,14,e2e,1138.6125669996545,0,0,0
1784450693.0099247,19,track,9.16474723815918,0,0,0
1784450693.0111063,6,detect,16.125276565551758,0,0,0
1784450693.0353823,7,detect,17.638891220092773,0,0,0
1784450693.0442343,6,track,9.439083099365234,0,0,0
1784450693.0508344,17,detect,16.520618438720703,0,0,0
1784450693.059424,19,pose,29.355865478515625,0,0,0
1784450693.0618992,19,e2e,1161.0715850001725,0,0,0
1784450693.0633883,7,track,10.78001880645752,0,0,0
1784450693.0814688,17,track,8.812847137451172,0,0,0
1784450693.0928745,6,pose,27.489105224609375,0,0,0
1784450693.0952551,6,e2e,940.8496960004413,0,0,0
1784450693.1111326,22,detect,18.205236434936523,0,0,0
1784450693.1144984,7,pose,31.64005470275879,0,0,0
1784450693.1161714,7,e2e,1071.9326399994316,0,0,0
1784450693.134541,17,pose,28.97347640991211,0,0,0
1784450693.136594,17,e2e,1086.6466140014381,0,0,0
1784450693.1398985,22,track,9.976036071777344,0,0,0
1784450693.145424,7,detect,18.145938873291016,0,0,0
1784450693.1619203,9,detect,17.554353713989258,0,0,0
1784450693.1740568,7,track,9.773090362548828,0,0,0
1784450693.1778653,19,detect,17.353107452392578,0,0,0
1784450693.1968684,9,track,8.612574577331543,0,0,0
1784450693.2008173,22,pose,29.97319793701172,0,0,0
1784450693.2014863,22,e2e,1101.7851890010206,0,0,0
1784450693.2172537,19,track,9.712723731994629,0,0,0
1784450693.2273617,7,pose,29.295339584350586,0,0,0
1784450693.233764,7,e2e,1017.2805769998376,0,0,0
1784450693.256241,24,detect,17.99643325805664,0,0,0
1784450693.2593825,9,pose,27.475894927978516,0,0,0
1784450693.2616117,9,e2e,1078.9010349999444,0,0,0
1784450693.279785,19,pose,27.792932510375977,0,0,0
1784450693.2815788,19,e2e,1093.482047001089,0,0,0
1784450693.2892666,8,detect,22.98323631286621,0,0,0
1784450693.2983184,24,track,9.27812671661377,0,0,0
1784450693.3149247,10,detect,18.10350227355957,0,0,0
1784450693.3260262,20,detect,17.661075592041016,0,0,0
1784450693.327922,8,track,8.872628211975098,0,0,0
1784450693.3599684,10,track,10.173360824584961,0,0,0
1784450693.3635182,24,pose,30.889848709106445,0,0,0
1784450693.3714373,20,track,10.255411148071289,0,0,0
1784450693.3879027,8,pose,30.826765060424805,0,0,0
1784450693.3887146,8,e2e,1116.5026139988186,0,0,0
1784450693.4077728,10,pose,30.744680404663086,0,0,0
1784450693.4091797,10,e2e,1168.6011879992293,0,0,0
1784450693.4313412,20,pose,30.852203369140625,0,0,0
1784450693.4406226,9,detect,16.554969787597656,0,0,0
1784450693.4530387,11,detect,17.916833877563477,0,0,0
1784450693.4642072,9,track,9.666199684143066,0,0,0
1784450693.4796906,11,track,8.682602882385254,0,0,0
1784450693.517654,9,pose,29.424209594726562,0,0,0
1784450693.5187345,9,e2e,1182.9316650000692,0,0,0
1784450693.5532608,11,pose,29.202390670776367,0,0,0
1784450693.5548604,11,e2e,1243.2264150011179,0,0,0
1784450693.5823567,10,detect,16.822633743286133,0,0,0
1784450693.5956833,12,detect,17.05779457092285,0,0,0
1784450693.6088707,10,track,8.568848609924316,0,0,0
1784450693.616738,12,track,9.372954368591309,0,0,0
1784450693.6579254,10,pose,31.184276580810547,0,0,0
1784450693.6586406,10,e2e,1165.0034390004294,0,0,0
1784450693.6786082,12,pose,27.823760986328125,0,0,0
1784450693.706771,11,detect,18.777549743652344,0,0,0
1784450693.7371664,11,track,9.58580207824707,0,0,0
1784450693.7845688,11,pose,28.423643112182617,0,0,0
1784450700.5493855,24,e2e,8306.303289000425,0,0,0
1784450706.628323,27,detect,18.699357986450195,0,0,0
1784450706.7373052,27,track,10.380569458007812,0,0,0
1784450706.8979,27,pose,26.889490127563477,0,0,0
1784450706.9192865,27,e2e,10929.159229001016,0,0,0
1784450706.990308,20,e2e,11271.404928000265,0,0,0
1784450707.5818255,24,detect,17.46187400817871,0,0,0
1784450707.6448035,28,detect,16.88098907470703,0,0,0
1784450707.75052,24,track,9.966002464294434,0,0,0
1784450707.8335795,11,e2e,11800.779387000148,0,0,0
1784450707.8704793,12,e2e,12026.793313998496,0,0,0
1784450708.025747,28,track,9.117522239685059,0,0,0
1784450708.1295068,24,pose,64.04727172851562,0,0,0
1784450708.189266,24,e2e,11988.783382999827,0,0,0
1784450708.4370582,31,detect,19.7486515045166,0,0,0
1784450708.4987962,28,pose,29.98055648803711,0,0,0
1784450708.5105891,28,e2e,12477.430488001119,0,0,0
1784450708.7684188,21,detect,50.8213996887207,0,0,0
1784450708.8181312,31,track,9.713998794555664,0,0,0
1784450708.87686,15,detect,21.685882568359375,0,0,0
1784450708.9195592,21,track,9.809318542480469,0,0,0
1784450708.9373822,31,pose,30.496355056762695,0,0,0
1784450708.9383936,31,e2e,12474.580176000018,0,0,0
1784450709.023583,40,detect,18.004596710205078,0,0,0
1784450709.0452454,21,pose,27.923410415649414,0,0,0
1784450709.0551674,21,e2e,12607.084155999473,0,0,0
1784450709.1224866,15,track,10.815384864807129,0,0,0
1784450709.1720593,39,detect,16.056228637695312,0,0,0
1784450709.2196128,15,pose,28.435766220092773,0,0,0
1784450709.22106,40,track,10.019998550415039,0,0,0
1784450709.221598,15,e2e,12924.252442999205,0,0,0
1784450709.4549034,39,track,9.940537452697754,0,0,0
1784450709.4894218,40,pose,28.42636489868164,0,0,0
1784450709.4910789,40,e2e,11169.144023999252,0,0,0
1784450709.56673,26,detect,26.13944435119629,0,0,0
1784450709.5675254,31,detect,16.9197940826416,0,0,0
1784450709.6643941,39,pose,31.735435485839844,0,0,0
1784450709.6650517,39,e2e,3365.372833000947,0,0,0
1784450709.82958,26,track,9.931750297546387,0,0,0
1784450709.886902,45,detect,18.445873260498047,0,0,0
1784450709.925162,31,track,8.832228660583496,0,0,0
1784450709.9525328,40,detect,21.446151733398438,0,0,0
1784450710.0613332,26,pose,28.114852905273438,0,0,0
1784450710.0646048,26,e2e,2930.4223190010816,0,0,0
1784450710.24191,31,pose,33.295345306396484,0,0,0
1784450710.2462132,31,e2e,3042.540119999103,0,0,0
1784450710.3298123,27,detect,19.658498764038086,0,0,0
1784450710.3473628,40,track,13.533479690551758,0,0,0
1784450710.3725696,45,track,9.776141166687012,0,0,0
1784450710.4199927,27,track,9.747700691223145,0,0,0
1784450710.720414,45,pose,29.793607711791992,0,0,0
1784450710.7351375,45,e2e,3429.211260001466,0,0,0
1784450710.7535853,32,detect,18.160877227783203,0,0,0
1784450710.7634406,40,pose,31.419252395629883,0,0,0
1784450710.7661285,40,e2e,3689.6477509999386,0,0,0
1784450710.7894087,27,pose,26.941129684448242,0,0,0
1784450710.8066342,27,e2e,3551.315730999704,0,0,0
1784450710.8688698,32,track,10.018935203552246,0,0,0
1784450710.9035418,41,detect,18.427318572998047,0,0,0
1784450710.9397147,28,detect,16.363378524780273,0,0,0
1784450710.9432933,46,detect,20.06271743774414,0,0,0
1784450710.9526508,41,track,9.272343635559082,0,0,0
1784450710.994187,32,pose,29.05194664001465,0,0,0
1784450711.0039861,32,e2e,3632.272804999957,0,0,0
1784450711.0288606,46,track,9.711360931396484,0,0,0
1784450711.0392108,28,track,10.931410789489746,0,0,0
1784450711.0472677,41,pose,29.727041244506836,0,0,0
1784450711.0499926,41,e2e,3858.013053000832,0,0,0
1784450711.1022334,46,pose,31.17344093322754,0,0,0
1784450711.105081,46,e2e,3569.4005179993837,0,0,0
1784450711.1880467,33,detect,23.239151000976562,0,0,0
1784450711.2313325,47,detect,18.912691116333008,0,0,0
1784450711.264252,28,pose,57.198978424072266,0,0,0
1784450711.2649193,28,e2e,3777.8909570006363,0,0,0
1784450711.4384308,33,track,8.973406791687012,0,0,0
1784450711.4403915,47,track,9.161128997802734,0,0,0
1784450711.4414778,42,detect,18.551382064819336,0,0,0
1784450711.462311,31,detect,18.717029571533203,0,0,0
1784450711.4787865,-1,violence,96.44346237182617,0,0,0
1784450711.4844732,42,track,9.137866973876953,0,0,0
1784450711.5011365,33,pose,28.04572868347168,0,0,0
1784450711.514548,33,e2e,4023.9964880001935,0,0,0
1784450711.5291097,31,track,9.940094947814941,0,0,0
1784450711.5384388,47,pose,30.328575134277344,0,0,0
1784450711.544748,47,e2e,3878.777016998356,0,0,0
1784450711.5543783,42,pose,30.587810516357422,0,0,0
1784450711.5577557,42,e2e,4115.054521000275,0,0,0
1784450711.5900135,31,pose,27.289525985717773,0,0,0
1784450711.590786,31,e2e,3573.6164480003936,0,0,0
1784450711.6091251,52,detect,16.435829162597656,0,0,0
1784450711.6128595,39,detect,30.495405197143555,0,0,0
1784450711.650716,52,track,11.93661880493164,0,0,0
1784450711.6517262,39,track,11.337635040283203,0,0,0
1784450711.654949,48,detect,18.686967849731445,0,0,0
1784450711.6823828,48,track,9.02324390411377,0,0,0
1784450711.7148986,52,pose,29.02014923095703,0,0,0
1784450711.7156734,52,e2e,3504.4211029999133,0,0,0
1784450711.7163126,39,pose,29.1468448638916,0,0,0
1784450711.7169898,39,e2e,3460.6697039998835,0,0,0
1784450711.7659836,48,pose,28.70176124572754,0,0,0
1784450711.7670207,48,e2e,3553.399043999889,0,0,0
1784450711.9286165,-1,falldown,97.89258193969727,0,0,0
1784450712.0389376,-1,violence,65.34847640991211,0,0,0
1784450712.0464966,49,detect,18.05644989013672,0,0,0
1784450712.0748968,36,detect,18.76199722290039,0,0,0
1784450712.0991597,36,track,11.949775695800781,0,0,0
1784450712.0997796,49,track,9.379530906677246,0,0,0
1784450712.118673,53,detect,35.36833572387695,0,0,0
1784450712.1508603,40,detect,20.97017478942871,0,0,0
1784450712.1831398,36,pose,31.326492309570312,0,0,0
1784450712.1917863,36,e2e,3630.418259999715,0,0,0
1784450712.1976266,53,track,10.145210266113281,0,0,0
1784450712.206865,49,pose,31.18769645690918,0,0,0
1784450712.2103934,49,e2e,3921.260623999842,0,0,0
1784450712.211357,40,track,10.970711708068848,0,0,0
1784450712.2487998,53,pose,29.60491371154785,0,0,0
1784450712.2503886,53,e2e,3953.911905999121,0,0,0
1784450712.2641354,-1,violence,65.75225639343262,0,0,0
1784450712.2671015,40,pose,33.43414306640625,0,0,0
1784450712.270706,40,e2e,3941.6133369995805,0,0,0
1784450712.281469,-1,violence,71.15939712524414,0,0,0
1784450712.3285625,-1,falldown,113.01134824752808,0,0,0
1784450712.393143,51,detect,16.84394645690918,0,0,0
1784450712.397895,42,detect,18.525230407714844,0,0,0
1784450712.4096327,55,detect,17.03713607788086,0,0,0
1784450712.432019,51,track,8.683087348937988,0,0,0
1784450712.4325767,-1,falldown,98.83724308013916,0,0,0
1784450712.433046,38,detect,17.9951114654541,0,0,0
1784450712.4388316,42,track,10.070054054260254,0,0,0
1784450712.4528222,55,track,8.982263565063477,0,0,0
1784450712.4873207,38,track,9.363999366760254,0,0,0
1784450712.5073156,51,pose,29.91573715209961,0,0,0
1784450712.515422,51,e2e,3978.064381000877,0,0,0
1784450712.5279493,-1,process:analysis_actor_0,0,0.0,220844032,0
1784450712.539679,55,pose,37.2681770324707,0,0,0
1784450712.5453482,55,e2e,3976.934214000721,0,0,0
1784450712.5587604,-1,process:analysis_actor_1,0,0.0,255586304,0
1784450712.5665202,42,pose,31.68153190612793,0,0,0
1784450712.567944,42,e2e,3996.4415909998934,0,0,0
1784450712.5693598,38,pose,35.6077766418457,0,0,0
1784450712.5716205,38,e2e,3840.4051609995804,0,0,0
1784450712.5792506,54,detect,16.002796173095703,0,0,0
1784450712.6075106,58,detect,18.20440673828125,0,0,0
1784450712.6173358,54,track,9.836505889892578,0,0,0
1784450712.6191046,46,detect,18.69185447692871,0,0,0
1784450712.6289003,42,detect,18.045093536376953,0,0,0
1784450712.6329656,58,track,9.14457893371582,0,0,0
1784450712.6488233,46,track,11.02181339263916,0,0,0
1784450712.656506,42,track,9.352906227111816,0,0,0
1784450712.665248,54,pose,30.42207145690918,0,0,0
1784450712.666142,54,e2e,3747.9313259991613,0,0,0
1784450712.6879008,58,pose,30.73146629333496,0,0,0
1784450712.6892257,58,e2e,3813.8878919999115,0,0,0
1784450712.7003548,46,pose,28.444982528686523,0,0,0
1784450712.701172,46,e2e,3698.1443210006546,0,0,0
1784450712.7221625,57,detect,18.326595306396484,0,0,0
1784450712.7321537,42,pose,30.411144256591797,0,0,0
1784450712.7328408,42,e2e,1761.6484059999493,0,0,0
1784450712.7467146,60,detect,18.140859603881836,0,0,0
1784450712.7752252,48,detect,16.95597267150879,0,0,0
1784450712.779591,57,track,11.231063842773438,0,0,0
1784450712.7948654,60,track,11.088211059570312,0,0,0
1784450712.8241038,48,track,9.469120025634766,0,0,0
1784450712.8894176,57,pose,30.326984405517578,0,0,0
1784450712.8925486,57,e2e,1831.153085000551,0,0,0
1784450712.8976169,45,detect,16.33122444152832,0,0,0
1784450712.926831,48,pose,36.40243911743164,0,0,0
1784450712.9283338,48,e2e,1880.8396740005264,0,0,0
1784450712.9450347,-1,process:analysis_actor_2,0,131.0,217751552,0
1784450712.945977,60,pose,43.76292037963867,0,0,0
1784450712.9464147,60,e2e,3829.1353510012414,0,0,0
1784450712.955605,45,track,9.932828903198242,0,0,0
1784450712.9964733,61,detect,16.10557746887207,0,0,0
1784450713.0205112,63,detect,18.324323654174805,0,0,0
1784450713.033484,45,pose,29.25142478942871,0,0,0
1784450713.038126,51,detect,19.36041831970215,0,0,0
1784450713.04205,45,e2e,1829.1238050005632,0,0,0
1784450713.0559435,-1,process:analysis_actor_3,0,0.0,220618752,0
1784450713.0569065,61,track,8.484368324279785,0,0,0
1784450713.081708,63,track,9.475275039672852,0,0,0
1784450713.0946696,51,track,9.857255935668945,0,0,0
1784450713.142526,61,pose,32.15629577636719,0,0,0
1784450713.14601,63,pose,32.90339279174805,0,0,0
1784450713.1662512,51,pose,31.65894889831543,0,0,0
1784450713.1843204,51,e2e,1888.1564050007,0,0,0
1784450713.2537885,48,detect,17.864330291748047,0,0,0
1784450713.2743723,48,track,8.893211364746094,0,0,0
1784450713.3238778,48,pose,32.2404670715332,0,0,0
1784450713.3252792,48,e2e,1891.0777630007942,0,0,0
1784450713.837315,-1,falldown,97.46428060531616,0,0,0
1784450714.4779239,-1,violence,74.1037826538086,0,0,0
1784450714.546281,49,detect,17.688451766967773,0,0,0
1784450714.5504017,52,detect,18.032583236694336,0,0,0
1784450714.5866103,52,track,9.345261573791504,0,0,0
1784450714.5897431,49,track,9.736214637756348,0,0,0
1784450714.6402,52,pose,31.169763565063477,0,0,0
1784450714.6421504,52,e2e,3289.3288020004547,0,0,0
1784450714.6504512,49,pose,29.486461639404297,0,0,0
1784450714.6582737,49,e2e,3154.1465540012723,0,0,0
1784450714.9925334,-1,violence,69.37717056274414,0,0,0
1784450715.033316,61,e2e,3645.953840999937,0,0,0
1784450715.2357836,-1,falldown,96.72175884246826,0,0,0
1784450715.2952185,63,e2e,4101.684109000416,0,0,0
1784450715.3028173,64,detect,23.97860336303711,0,0,0
1784450715.3111262,50,detect,17.299095153808594,0,0,0
1784450715.3301644,54,detect,19.135377883911133,0,0,0
1784450715.3313656,64,track,9.611522674560547,0,0,0
1784450715.3565917,50,track,9.943552017211914,0,0,0
1784450715.358927,68,detect,18.040435791015625,0,0,0
1784450715.3780463,54,track,10.651447296142578,0,0,0
1784450715.3929114,64,pose,28.874555587768555,0,0,0
1784450715.40593,64,e2e,3717.655211999954,0,0,0
1784450715.4102232,68,track,8.812887191772461,0,0,0
1784450715.4230154,50,pose,31.915176391601562,0,0,0
1784450715.4474218,54,pose,30.01247787475586,0,0,0
1784450715.4713295,66,detect,19.55805206298828,0,0,0
1784450715.4838943,68,pose,35.41815185546875,0,0,0
1784450715.4846427,68,e2e,3870.5978780017176,0,0,0
1784450715.5056853,66,track,9.616544723510742,0,0,0
1784450715.5538247,66,pose,27.817501068115234,0,0,0
1784450715.5548153,66,e2e,3418.591571999059,0,0,0
1784450715.5734189,-1,falldown,104.1845121383667,0,0,0
1784450716.7336342,-1,violence,71.19312286376953,0,0,0
1784450716.8081417,67,detect,18.3278751373291,0,0,0
1784450716.8231757,70,detect,18.290693283081055,0,0,0
1784450716.836319,67,track,9.54464340209961,0,0,0
1784450716.8498337,70,track,9.995559692382812,0,0,0
1784450716.8844223,67,pose,31.156139373779297,0,0,0
1784450716.8856974,67,e2e,4483.476326999153,0,0,0
1784450716.9093852,70,pose,31.120363235473633,0,0,0
1784450716.9100242,70,e2e,4788.578910000069,0,0,0
1784450717.2603276,-1,violence,68.70620346069336,0,0,0
1784450717.3291316,50,e2e,5749.237598000036,0,0,0
1784450717.3834665,71,detect,17.877197265625,0,0,0
1784450717.3848703,55,detect,16.864959716796875,0,0,0
1784450717.3907857,54,e2e,5849.261805000424,0,0,0
1784450717.4073339,68,detect,20.82798194885254,0,0,0
1784450717.4104009,71,track,8.796625137329102,0,0,0
1784450717.4445112,55,track,11.28170394897461,0,0,0
1784450717.4482172,68,track,8.930439949035645,0,0,0
1784450717.4729927,59,detect,18.672231674194336,0,0,0
1784450717.4763584,71,pose,31.770475387573242,0,0,0
1784450717.4774756,71,e2e,5043.670569999449,0,0,0
1784450717.480802,55,pose,30.08429718017578,0,0,0
1784450717.4814007,55,e2e,5006.144647000838,0,0,0
1784450717.4947422,59,track,9.075735092163086,0,0,0
1784450717.5134249,68,pose,29.528879165649414,0,0,0
1784450717.5140576,68,e2e,5052.062410000872,0,0,0
1784450717.5360754,74,detect,21.40911102294922,0,0,0
1784450717.554304,57,detect,19.35784149169922,0,0,0
1784450717.55954,59,pose,28.82926368713379,0,0,0
1784450717.5616817,59,e2e,5073.5631870011275,0,0,0
1784450717.570744,-1,falldown,104.27478265762329,0,0,0
1784450717.5769048,74,track,9.474555969238281,0,0,0
1784450717.582871,71,detect,19.140865325927734,0,0,0
1784450717.5865252,57,track,10.034297943115234,0,0,0
1784450717.599544,62,detect,16.651805877685547,0,0,0
1784450717.6139135,71,track,9.62934684753418,0,0,0
1784450717.6253738,62,track,8.746390342712402,0,0,0
1784450717.6316752,74,pose,30.94097137451172,0,0,0
1784450717.632281,74,e2e,5000.464287000796,0,0,0
1784450717.637453,57,pose,31.8734130859375,0,0,0
1784450717.64122,57,e2e,5049.112549000711,0,0,0
1784450717.663321,71,pose,27.966794967651367,0,0,0
1784450717.6656463,71,e2e,5031.733682999402,0,0,0
1784450717.6710188,62,pose,30.444692611694336,0,0,0
1784450717.673666,62,e2e,5023.107858000003,0,0,0
1784450717.681702,60,detect,16.150983810424805,0,0,0
1784450717.6901445,77,detect,18.02167510986328,0,0,0
1784450717.703208,60,track,9.568045616149902,0,0,0
1784450717.7207677,74,detect,16.609405517578125,0,0,0
1784450717.7254527,77,track,9.608205795288086,0,0,0
1784450717.7326279,64,detect,18.614381790161133,0,0,0
1784450717.7461994,74,track,9.149664878845215,0,0,0
1784450717.7492826,60,pose,30.42976188659668,0,0,0
1784450717.7506661,60,e2e,4970.5926000006,0,0,0
1784450717.7555945,64,track,9.043130874633789,0,0,0
1784450717.78054,77,pose,28.671539306640625,0,0,0
1784450717.78135,77,e2e,4906.5486720010085,0,0,0
1784450717.7881052,74,pose,27.36851692199707,0,0,0
1784450717.7891402,74,e2e,4980.966981000165,0,0,0
1784450717.7907577,-1,falldown,104.38465595245361,0,0,0
1784450717.7990835,62,detect,17.013498306274414,0,0,0
1784450717.8087397,64,pose,28.8580322265625,0,0,0
1784450717.811611,64,e2e,5018.678134001675,0,0,0
1784450717.8270261,62,track,9.0599946975708,0,0,0
1784450717.841829,80,detect,17.02762222290039,0,0,0
1784450717.8436508,76,detect,19.8155574798584,0,0,0
1784450717.8629096,67,detect,17.987760543823242,0,0,0
1784450717.8635368,80,track,10.045607566833496,0,0,0
1784450717.863972,76,track,8.682331085205078,0,0,0
1784450717.8771558,62,pose,32.616172790527344,0,0,0
1784450717.878083,62,e2e,4966.871716000242,0,0,0
1784450717.8885834,67,track,8.722406387329102,0,0,0
1784450717.90703,76,pose,27.007844924926758,0,0,0
1784450717.9084046,76,e2e,4952.051120999386,0,0,0
1784450717.9097848,80,pose,29.51375389099121,0,0,0
1784450717.9102995,80,e2e,4827.230712999153,0,0,0
1784450717.9208784,64,detect,17.253570556640625,0,0,0
1784450717.9419093,67,pose,28.435598373413086,0,0,0
1784450717.9427752,67,e2e,4912.822967000466,0,0,0
1784450717.9504147,64,track,9.600055694580078,0,0,0
1784450717.962764,82,detect,18.644920349121094,0,0,0
1784450717.972312,78,detect,25.84743881225586,0,0,0
1784450717.9876468,82,track,9.410909652709961,0,0,0
1784450717.988716,78,track,9.419255256652832,0,0,0
1784450718.0007248,69,detect,18.71736717224121,0,0,0
1784450718.006596,64,pose,32.752586364746094,0,0,0
1784450718.0074701,64,e2e,4753.644845999588,0,0,0
1784450718.025625,69,track,8.729035377502441,0,0,0
1784450718.0382636,82,pose,28.303218841552734,0,0,0
1784450718.038886,78,pose,28.603073120117188,0,0,0
1784450718.039275,82,e2e,3489.5213179988787,0,0,0
1784450718.0398173,78,e2e,4770.20481100044,0,0,0
1784450718.054195,66,detect,16.482004165649414,0,0,0
1784450718.0736167,69,pose,30.609209060668945,0,0,0
1784450718.0742779,69,e2e,3506.121755001004,0,0,0
1784450718.0808127,66,track,9.893692970275879,0,0,0
1784450718.0933228,84,detect,20.154062271118164,0,0,0
1784450718.0947192,80,detect,18.42668914794922,0,0,0
1784450718.1232917,84,track,9.008731842041016,0,0,0
1784450718.1272988,80,track,10.400620460510254,0,0,0
1784450718.137018,71,detect,18.4643497467041,0,0,0
1784450718.1376734,66,pose,28.45774269104004,0,0,0
1784450718.1410983,66,e2e,2829.370938001375,0,0,0
1784450718.1611602,71,track,8.743227005004883,0,0,0
1784450718.1761272,84,pose,30.420427322387695,0,0,0
1784450718.1774058,84,e2e,2800.065381999957,0,0,0
1784450718.1887083,80,pose,28.385456085205078,0,0,0
1784450718.1937742,80,e2e,2866.371951000474,0,0,0
1784450718.1981323,69,detect,20.455678939819336,0,0,0
1784450718.2098162,71,pose,30.394981384277344,0,0,0
1784450718.2138526,71,e2e,2835.070362998522,0,0,0
1784450718.2323465,69,track,9.691678047180176,0,0,0
1784450718.236995,85,detect,16.614574432373047,0,0,0
1784450718.2433922,83,detect,18.52366065979004,0,0,0
1784450718.2608428,73,detect,19.3492374420166,0,0,0
1784450718.2700016,83,track,9.476332664489746,0,0,0
1784450718.2716463,85,track,9.149736404418945,0,0,0
1784450718.2858052,69,pose,30.587881088256836,0,0,0
1784450718.2904727,69,e2e,2599.8121600005106,0,0,0
1784450718.291269,73,track,11.469863891601562,0,0,0
1784450718.3226883,83,pose,29.59035301208496,0,0,0
1784450718.3232615,83,e2e,1506.250568001633,0,0,0
1784450718.336421,85,pose,31.187368392944336,0,0,0
1784450718.3391933,85,e2e,2891.1612140000216,0,0,0
1784450718.339971,71,detect,17.997896194458008,0,0,0
1784450718.3578649,73,pose,28.117958068847656,0,0,0
1784450718.3614888,73,e2e,1522.7834630004509,0,0,0
1784450718.373363,85,detect,23.704078674316406,0,0,0
1784450718.3836114,71,track,10.211379051208496,0,0,0
1784450718.4157417,88,detect,17.795543670654297,0,0,0
1784450718.4210885,75,detect,17.835451126098633,0,0,0
1784450718.4543905,88,track,8.790692329406738,0,0,0
1784450718.4555938,71,pose,28.65118980407715,0,0,0
1784450718.4598658,71,e2e,1025.944361999791,0,0,0
1784450718.460521,85,track,9.899531364440918,0,0,0
1784450718.4624836,75,track,9.532691955566406,0,0,0
1784450718.5249705,85,pose,32.83853530883789,0,0,0
1784450718.525531,85,e2e,1059.3870720003906,0,0,0
1784450718.525888,72,detect,22.834991455078125,0,0,0
1784450718.5641072,75,pose,32.404964447021484,0,0,0
1784450718.5651505,75,e2e,1091.006352000477,0,0,0
1784450718.571647,88,pose,30.096498489379883,0,0,0
1784450718.5742276,88,e2e,1136.2799939997785,0,0,0
1784450718.576729,72,track,9.171031951904297,0,0,0
1784450718.5934966,86,detect,19.97315216064453,0,0,0
1784450718.6362903,76,detect,20.410493850708008,0,0,0
1784450718.6543543,86,track,11.339698791503906,0,0,0
1784450718.6572204,72,pose,40.5686149597168,0,0,0
1784450718.6593316,72,e2e,1176.5102690005733,0,0,0
1784450718.6612895,89,detect,17.325145721435547,0,0,0
1784450718.677746,76,track,13.631019592285156,0,0,0
1784450718.7011225,89,track,9.840871810913086,0,0,0
1784450718.7094529,73,detect,17.650022506713867,0,0,0
1784450718.7126033,86,pose,28.548107147216797,0,0,0
1784450718.7374556,73,track,8.781323432922363,0,0,0
1784450718.7520225,76,pose,31.505325317382812,0,0,0
1784450718.7532358,76,e2e,1234.9230869986059,0,0,0
1784450718.754434,89,pose,30.666244506835938,0,0,0
1784450718.755385,89,e2e,1273.4819989982498,0,0,0
1784450718.7918425,73,pose,31.039154052734375,0,0,0
1784450718.7926393,73,e2e,1245.7080690001021,0,0,0
1784450720.8164852,74,detect,17.1096134185791,0,0,0
1784450720.8362947,77,detect,19.662052154541016,0,0,0
1784450720.8473425,91,detect,21.41324234008789,0,0,0
1784450720.8639102,74,track,9.203813552856445,0,0,0
1784450720.8738065,77,track,8.959668159484863,0,0,0
1784450720.888809,91,track,9.349501609802246,0,0,0
1784450720.9445832,77,pose,28.176488876342773,0,0,0
1784450720.9451768,74,pose,29.24586296081543,0,0,0
1784450720.9456263,74,e2e,3333.086814998751,0,0,0
1784450720.945996,77,e2e,3367.2393549986737,0,0,0
1784450720.9905407,91,pose,28.47465705871582,0,0,0
1784450723.0220308,76,detect,16.143823623657227,0,0,0
1784450723.031158,79,detect,20.026254653930664,0,0,0
1784450723.0414035,86,e2e,5512.3580069994205,0,0,0
1784450723.0448492,76,track,9.004121780395508,0,0,0
1784450723.053307,79,track,13.603937149047852,0,0,0
1784450723.1228263,76,pose,28.571378707885742,0,0,0
1784450723.2059941,79,pose,27.57364273071289,0,0,0
1784450723.2079308,79,e2e,5504.314871999668,0,0,0
1784450723.525812,-1,violence,67.24269104003906,0,0,0
1784450723.8558931,-1,falldown,97.96959257125854,0,0,0
1784450725.6746655,90,detect,18.78826141357422,0,0,0
1784450725.7104619,90,track,8.593958854675293,0,0,0
1784450725.7653909,90,pose,29.732101440429688,0,0,0
1784450725.766184,90,e2e,8012.581361999764,0,0,0
1784450726.9022758,-1,violence,70.86609649658203,0,0,0
1784450727.812265,80,detect,16.75338363647461,0,0,0
1784450727.8349688,80,track,8.878263473510742,0,0,0
1784450727.8803077,80,pose,31.448415756225586,0,0,0
1784450728.4069812,-1,violence,70.74739074707031,0,0,0
1784450729.9495602,91,e2e,12350.520175001293,0,0,0
1784450729.9557707,91,detect,17.655475616455078,0,0,0
1784450730.0097113,91,track,9.454938888549805,0,0,0
1784450730.058195,91,pose,31.46841049194336,0,0,0
1784450730.0589209,91,e2e,12244.99341199953,0,0,0
1784450730.23291,-1,falldown,100.51663112640381,0,0,0
1784450732.0840466,93,detect,16.689420700073242,0,0,0
1784450732.0897825,97,detect,17.976726531982422,0,0,0
1784450732.1187527,93,track,9.55695629119873,0,0,0
1784450732.1234975,76,e2e,14394.099721999737,0,0,0
1784450732.1248624,97,track,10.118261337280273,0,0,0
1784450732.155434,80,e2e,14400.37562300131,0,0,0
1784450732.176126,93,pose,31.892133712768555,0,0,0
1784450732.18116,93,e2e,14250.589175000641,0,0,0
1784450732.1940155,97,pose,30.39286994934082,0,0,0
1784450732.1960788,97,e2e,14237.431358000322,0,0,0
1784450732.213768,82,detect,18.119943618774414,0,0,0
1784450732.2392735,95,detect,18.806922912597656,0,0,0
1784450732.2429683,85,detect,17.718915939331055,0,0,0
1784450732.266644,82,track,8.775232315063477,0,0,0
1784450732.279339,95,track,12.62139892578125,0,0,0
1784450732.2862527,100,detect,18.417753219604492,0,0,0
1784450732.3305852,85,track,9.375617027282715,0,0,0
1784450732.4004805,100,track,9.135272026062012,0,0,0
1784450732.409988,95,pose,30.83264923095703,0,0,0
1784450732.4124272,95,e2e,14374.999779000063,0,0,0
1784450732.4231129,82,pose,31.347782135009766,0,0,0
1784450732.4252486,82,e2e,14356.626519000201,0,0,0
1784450732.4514902,85,pose,28.42433738708496,0,0,0
1784450732.4561582,85,e2e,14414.033804998326,0,0,0
1784450732.493615,100,pose,45.86285400390625,0,0,0
1784450732.494224,100,e2e,14318.507366000631,0,0,0
1784450732.5246344,99,detect,16.94082260131836,0,0,0
1784450732.5500417,87,detect,17.59296989440918,0,0,0
1784450732.583615,90,detect,18.702545166015625,0,0,0
1784450732.5982726,99,track,8.78842544555664,0,0,0
1784450732.6565874,90,track,12.832435607910156,0,0,0
1784450732.6589813,105,detect,18.586957931518555,0,0,0
1784450732.70614,87,track,9.544512748718262,0,0,0
1784450732.7430425,105,track,8.515819549560547,0,0,0
1784450732.9579,99,pose,28.316133499145508,0,0,0
1784450732.9653811,99,e2e,14656.342809999842,0,0,0
1784450732.985217,-1,process:analysis_actor_0,0,89.5,338698240,0
1784450732.988239,87,pose,31.59532356262207,0,0,0
1784450732.990015,87,e2e,14612.890825999784,0,0,0
1784450732.9923208,105,pose,33.653133392333984,0,0,0
1784450732.9945302,105,e2e,14319.50131299891,0,0,0
1784450733.0180368,90,pose,30.563270568847656,0,0,0
1784450733.0187056,90,e2e,14645.012754001073,0,0,0
1784450733.0802834,108,detect,17.59821891784668,0,0,0
1784450733.1287742,96,detect,16.294740676879883,0,0,0
1784450733.1422346,99,detect,23.617563247680664,0,0,0
1784450733.1661584,112,detect,18.83094596862793,0,0,0
1784450733.1849208,108,track,8.63561725616455,0,0,0
1784450733.2146258,99,track,9.5984468460083,0,0,0
1784450733.227861,96,track,11.108245849609375,0,0,0
1784450733.231426,112,track,9.87714672088623,0,0,0
1784450733.2811275,108,pose,33.708866119384766,0,0,0
1784450733.2895072,108,e2e,3354.161646999273,0,0,0
1784450733.3500376,99,pose,29.046573638916016,0,0,0
1784450733.3610816,99,e2e,1260.4787899999792,0,0,0
1784450733.3929348,96,pose,31.89615249633789,0,0,0
1784450733.3937504,96,e2e,1304.0556960004324,0,0,0
1784450733.4493163,112,pose,31.351009368896484,0,0,0
1784450733.4530761,112,e2e,3511.750634999771,0,0,0
1784450733.455666,111,detect,16.883563995361328,0,0,0
1784450733.4852574,101,detect,16.97182273864746,0,0,0
1784450733.5207596,115,detect,17.741592407226562,0,0,0
1784450733.5561886,111,track,9.801159858703613,0,0,0
1784450733.562527,99,detect,18.029510498046875,0,0,0
1784450733.5944912,101,track,9.924585342407227,0,0,0
1784450733.6009772,115,track,11.691027641296387,0,0,0
1784450733.6198483,99,track,9.740630149841309,0,0,0
1784450733.634295,111,pose,27.818119049072266,0,0,0
1784450733.6351883,111,e2e,1396.0988750004617,0,0,0
1784450733.663072,101,pose,27.498991012573242,0,0,0
1784450733.6643813,101,e2e,1448.9555099989957,0,0,0
1784450733.6756139,113,detect,17.954355239868164,0,0,0
1784450733.6791604,115,pose,31.5644474029541,0,0,0
1784450733.6797183,115,e2e,1455.0893670002552,0,0,0
1784450733.6977863,-1,process:analysis_actor_1,0,0.0,351993856,0
1784450733.6986854,99,pose,31.392440795898438,0,0,0
1784450733.7001145,99,e2e,1417.638041999453,0,0,0
1784450733.7667077,104,detect,19.606794357299805,0,0,0
1784450733.7775388,-1,falldown,109.296133518219,0,0,0
1784450733.834288,113,track,11.598958969116211,0,0,0
1784450733.8541136,104,track,9.220213890075684,0,0,0
1784450733.8613446,118,detect,18.47505760192871,0,0,0
1784450733.8981586,102,detect,16.319541931152344,0,0,0
1784450733.9220467,118,track,9.549819946289062,0,0,0
1784450733.937129,104,pose,30.780071258544922,0,0,0
1784450733.9383345,104,e2e,1544.880995999847,0,0,0
1784450733.9532392,-1,process:analysis_actor_2,0,0.0,365854720,0
1784450733.957863,113,pose,33.00381851196289,0,0,0
1784450733.9602194,113,e2e,1605.1555539997935,0,0,0
1784450733.974814,102,track,9.557635307312012,0,0,0
1784450734.0048258,118,pose,27.080448150634766,0,0,0
1784450734.0071597,118,e2e,1602.3001530011243,0,0,0
1784450734.0305598,108,detect,19.45921516418457,0,0,0
1784450734.0312314,-1,falldown,107.41136121749878,0,0,0
1784450734.037529,102,pose,34.210105895996094,0,0,0
1784450734.0394135,102,e2e,1577.47955800005,0,0,0
1784450734.0560026,-1,process:analysis_actor_3,0,65.8,338018304,0
1784450734.0677083,108,track,10.659605026245117,0,0,0
1784450734.0819628,123,detect,17.950040817260742,0,0,0
1784450734.0853426,117,detect,16.686208724975586,0,0,0
1784450734.1004255,107,detect,18.840309143066406,0,0,0
1784450734.1142333,123,track,9.572614669799805,0,0,0
1784450734.1362221,117,track,8.629423141479492,0,0,0
1784450734.1457648,108,pose,28.47047233581543,0,0,0
1784450734.1467662,107,track,10.582504272460938,0,0,0
1784450734.1471708,108,e2e,1512.8482449999865,0,0,0
1784450734.1735206,123,pose,31.701496124267578,0,0,0
1784450734.1741388,123,e2e,1468.6120320002374,0,0,0
1784450734.188681,117,pose,29.89137840270996,0,0,0
1784450734.1921375,117,e2e,1583.3576320001157,0,0,0
1784450734.192932,111,detect,18.963899612426758,0,0,0
1784450734.2081892,107,pose,29.34891128540039,0,0,0
1784450734.209531,107,e2e,1438.6524919991643,0,0,0
1784450734.2240908,126,detect,17.238407135009766,0,0,0
1784450734.2250402,111,track,9.085310935974121,0,0,0
1784450734.2351925,121,detect,17.813335418701172,0,0,0
1784450734.249525,126,track,8.746313095092773,0,0,0
1784450734.253134,110,detect,16.80620574951172,0,0,0
1784450734.260636,121,track,10.31766414642334,0,0,0
1784450734.271737,111,pose,29.39458656311035,0,0,0
1784450734.2723858,111,e2e,1439.1143720004038,0,0,0
1784450734.272803,-1,violence,70.22315979003906,0,0,0
1784450734.27707,110,track,9.211219787597656,0,0,0
1784450734.29358,126,pose,27.86015510559082,0,0,0
1784450734.2941432,126,e2e,1384.1130110013182,0,0,0
1784450734.3017762,121,pose,29.232799530029297,0,0,0
1784450734.3058658,121,e2e,1424.0181609984575,0,0,0
1784450734.3151612,113,detect,17.00330352783203,0,0,0
1784450734.3253767,110,pose,30.248729705810547,0,0,0
1784450734.326211,110,e2e,1365.7746110002336,0,0,0
1784450734.3302858,128,detect,16.877599716186523,0,0,0
1784450734.3405478,113,track,9.296847343444824,0,0,0
1784450734.3490014,123,detect,17.92204475402832,0,0,0
1784450734.3554811,128,track,8.781275749206543,0,0,0
1784450734.3661535,123,track,8.805183410644531,0,0,0
1784450734.374544,112,detect,18.659982681274414,0,0,0
1784450734.3830872,113,pose,28.668317794799805,0,0,0
1784450734.383716,113,e2e,1411.5439319994039,0,0,0
1784450734.4001467,112,track,8.744507789611816,0,0,0
1784450734.4031978,128,pose,31.025466918945312,0,0,0
1784450734.4038305,128,e2e,1351.733694998984,0,0,0
1784450734.417845,123,pose,32.80232620239258,0,0,0
1784450734.4189327,123,e2e,1385.0751939990005,0,0,0
1784450734.437606,115,detect,17.920696258544922,0,0,0
1784450734.4459918,112,pose,28.621906280517578,0,0,0
1784450734.4468472,130,detect,16.482372283935547,0,0,0
1784450734.4481897,112,e2e,1353.4873799999332,0,0,0
1784450734.4610379,115,track,8.550609588623047,0,0,0
1784450734.4616902,125,detect,18.406707763671875,0,0,0
1784450734.4753602,130,track,13.01972484588623,0,0,0
1784450734.4872048,125,track,8.673199653625488,0,0,0
1784450734.488716,114,detect,16.064939498901367,0,0,0
1784450734.5073104,115,pose,30.383649826049805,0,0,0
1784450734.5078895,115,e2e,1401.4856539997709,0,0,0
1784450734.5090592,114,track,9.260998725891113,0,0,0
1784450734.5239043,130,pose,29.33786392211914,0,0,0
1784450734.5248122,130,e2e,1335.624758999984,0,0,0
1784450734.5364478,125,pose,27.452117919921875,0,0,0
1784450734.5557034,118,detect,18.90362548828125,0,0,0
1784450734.563668,114,pose,28.681615829467773,0,0,0
1784450734.5657835,114,e2e,1338.9880630002153,0,0,0
1784450734.5928214,118,track,8.92834186553955,0,0,0
1784450734.6334023,118,pose,28.36322021484375,0,0,0
1784450734.6367316,118,e2e,982.2638949990505,0,0,0
1784450734.6805983,119,detect,18.09748077392578,0,0,0
1784450734.7073755,119,track,9.867111206054688,0,0,0
1784450734.7277057,132,detect,16.668825149536133,0,0,0
1784450734.7532525,132,track,10.461557388305664,0,0,0
1784450734.7547407,119,pose,29.804494857788086,0,0,0
1784450734.7552998,119,e2e,1046.885576000932,0,0,0
1784450734.7951288,132,pose,28.1224365234375,0,0,0
1784450734.7957537,132,e2e,1126.1110510004073,0,0,0
1784450736.7702262,133,detect,16.211021423339844,0,0,0
1784450736.7725112,120,detect,18.029565811157227,0,0,0
1784450736.7853134,116,detect,17.494457244873047,0,0,0
1784450736.7902987,133,track,8.775145530700684,0,0,0
1784450736.800198,120,track,11.70363712310791,0,0,0
1784450736.8151743,116,track,9.753417015075684,0,0,0
1784450736.841624,133,pose,29.329561233520508,0,0,0
1784450736.8494155,120,pose,28.237485885620117,0,0,0
1784450736.8744771,116,pose,31.650527954101562,0,0,0
1784450736.8752246,116,e2e,3214.732692000325,0,0,0
1784450738.321712,-1,violence,72.99686050415039,0,0,0
1784450741.351564,125,e2e,5342.201724000915,0,0,0
1784450741.5753057,-1,falldown,100.11985349655151,0,0,0
1784450741.9698353,-1,violence,69.23612594604492,0,0,0
1784450742.0241158,117,detect,18.66905975341797,0,0,0
1784450742.0306816,130,detect,16.60265350341797,0,0,0
1784450742.049547,117,track,9.089837074279785,0,0,0
1784450742.0550847,130,track,9.837137222290039,0,0,0
1784450742.0983398,130,pose,27.114120483398438,0,0,0
1784450742.0993319,130,e2e,5440.637546000289,0,0,0
1784450742.103305,117,pose,29.657102584838867,0,0,0
1784450742.1045527,117,e2e,5538.134831998832,0,0,0
1784450742.4427078,-1,violence,74.3109359741211,0,0,0
1784450742.4846501,133,e2e,5913.22942899933,0,0,0
1784450742.6943414,-1,falldown,101.04552364349365,0,0,0
1784450742.7498982,120,e2e,6137.705392999123,0,0,0
1784450742.7606869,136,detect,18.307647705078125,0,0,0
1784450742.7698472,131,detect,18.08831214904785,0,0,0
1784450742.7857978,119,detect,16.851503372192383,0,0,0
1784450742.7877977,136,track,8.679696083068848,0,0,0
1784450742.7970855,131,track,8.930214881896973,0,0,0
1784450742.8100438,122,detect,18.089553833007812,0,0,0
1784450742.8115191,119,track,9.397079467773438,0,0,0
1784450742.836285,136,pose,27.704076766967773,0,0,0
1784450742.8453622,122,track,10.096057891845703,0,0,0
1784450742.84899,136,e2e,6077.148121999926,0,0,0
1784450742.850323,131,pose,27.150657653808594,0,0,0
1784450742.8517017,131,e2e,6119.303583000146,0,0,0
1784450742.8639767,119,pose,26.967552185058594,0,0,0
1784450742.8905902,122,pose,31.737993240356445,0,0,0
1784450742.8947508,122,e2e,6150.973362000514,0,0,0
1784450742.9246101,139,detect,18.358352661132812,0,0,0
1784450742.931023,133,detect,16.655811309814453,0,0,0
1784450742.958373,139,track,9.873702049255371,0,0,0
1784450742.9769042,133,track,10.838190078735352,0,0,0
1784450742.9965131,119,e2e,6256.206033000126,0,0,0
1784450743.0017374,125,detect,17.12704086303711,0,0,0
1784450743.010277,-1,falldown,117.65582323074341,0,0,0
1784450743.0231864,139,pose,28.231548309326172,0,0,0
1784450743.0237808,139,e2e,6075.649041998986,0,0,0
1784450743.0260904,133,pose,27.93096160888672,0,0,0
1784450743.0296166,133,e2e,6168.254193000394,0,0,0
1784450743.0388572,125,track,9.960360527038574,0,0,0
1784450743.042267,124,detect,17.689897537231445,0,0,0
1784450743.0837336,124,track,9.496330261230469,0,0,0
1784450743.0865693,136,detect,18.27763557434082,0,0,0
1784450743.0900257,125,pose,26.77513313293457,0,0,0
1784450743.090602,125,e2e,6161.210897000274,0,0,0
1784450743.0924926,142,detect,21.514020919799805,0,0,0
1784450743.1139562,136,track,9.402010917663574,0,0,0
1784450743.136988,142,track,8.917612075805664,0,0,0
1784450743.1417964,124,pose,30.371986389160156,0,0,0
1784450743.1437593,124,e2e,6109.580537999136,0,0,0
1784450743.1822317,128,detect,16.41099739074707,0,0,0
1784450743.2100246,142,pose,29.637548446655273,0,0,0
1784450743.2116175,142,e2e,6097.124097999767,0,0,0
1784450743.2251801,128,track,8.658156394958496,0,0,0
1784450743.2290218,126,detect,16.973907470703125,0,0,0
1784450743.234768,136,pose,29.518770217895508,0,0,0
1784450743.2373145,136,e2e,6206.482786001288,0,0,0
1784450743.2674403,126,track,8.497718811035156,0,0,0
1784450743.2743454,145,detect,16.93203353881836,0,0,0
1784450743.3123584,128,pose,28.688640594482422,0,0,0
1784450743.3129456,128,e2e,6181.656855998881,0,0,0
1784450743.3481107,145,track,8.886842727661133,0,0,0
1784450743.3699973,140,detect,17.51580238342285,0,0,0
1784450743.388133,131,detect,16.50556755065918,0,0,0
1784450743.3923638,126,pose,30.419422149658203,0,0,0
1784450743.3933144,140,track,10.389753341674805,0,0,0
1784450743.3938084,126,e2e,6249.963303000186,0,0,0
1784450743.4095106,131,track,8.958673477172852,0,0,0
1784450743.4175737,145,pose,32.56228256225586,0,0,0
1784450743.419813,145,e2e,6130.9331100001145,0,0,0
1784450743.4415624,130,detect,17.485279083251953,0,0,0
1784450743.4425676,140,pose,31.504703521728516,0,0,0
1784450743.443209,140,e2e,6182.762342999922,0,0,0
1784450743.4621158,131,pose,29.54792594909668,0,0,0
1784450743.4626534,131,e2e,6176.576514999397,0,0,0
1784450743.5124857,130,track,10.000008583068848,0,0,0
1784450743.5301373,143,detect,16.380199432373047,0,0,0
1784450743.5356662,148,detect,16.874624252319336,0,0,0
1784450743.552486,134,detect,16.483768463134766,0,0,0
1784450743.5634916,143,track,9.494668006896973,0,0,0
1784450743.5663567,130,pose,32.88941955566406,0,0,0
1784450743.567304,130,e2e,6201.16333200167,0,0,0
1784450743.633301,148,track,9.047608375549316,0,0,0
1784450743.6338477,134,track,9.702808380126953,0,0,0
1784450743.674207,143,pose,28.934656143188477,0,0,0
1784450743.6751575,143,e2e,6102.667717999793,0,0,0
1784450743.7176783,148,pose,28.664581298828125,0,0,0
1784450743.7185051,148,e2e,4127.3210769995785,0,0,0
1784450743.7323756,134,pose,31.06363868713379,0,0,0
1784450743.7332528,134,e2e,4124.468255999091,0,0,0
1784450743.8456054,-1,violence,73.71198272705078,0,0,0
1784450743.897457,144,detect,19.08540153503418,0,0,0
1784450743.9027557,135,detect,16.40694808959961,0,0,0
1784450743.9175808,150,detect,17.40438461303711,0,0,0
1784450743.9231856,132,detect,16.30794906616211,0,0,0
1784450743.9274747,144,track,8.922119140625,0,0,0
1784450743.9342802,135,track,9.494014739990234,0,0,0
1784450743.9466934,150,track,9.768542289733887,0,0,0
1784450743.94958,132,track,9.949243545532227,0,0,0
1784450743.97749,144,pose,27.36042594909668,0,0,0
1784450743.9780989,144,e2e,4375.766256000134,0,0,0
1784450743.9829047,135,pose,31.222793579101562,0,0,0
1784450743.987749,135,e2e,2616.2170299994614,0,0,0
1784450744.0070546,150,pose,27.300947189331055,0,0,0
1784450744.0079067,150,e2e,2640.9851070002333,0,0,0
1784450744.0121639,132,pose,29.38530921936035,0,0,0
1784450744.0168624,132,e2e,4398.834904999603,0,0,0
1784450744.0216215,146,detect,18.687454223632812,0,0,0
1784450744.022334,137,detect,17.58604621887207,0,0,0
1784450744.0433838,146,track,9.422045707702637,0,0,0
1784450744.0481071,137,track,8.497844696044922,0,0,0
1784450744.0574644,153,detect,16.832841873168945,0,0,0
1784450744.0613995,135,detect,17.712188720703125,0,0,0
1784450744.0789053,153,track,8.802177429199219,0,0,0
1784450744.083335,135,track,9.598713874816895,0,0,0
1784450744.095696,146,pose,31.624250411987305,0,0,0
1784450744.096314,146,e2e,2058.5783520000405,0,0,0
1784450744.0993698,137,pose,32.3591423034668,0,0,0
1784450744.1032975,137,e2e,1330.4191879997234,0,0,0
1784450744.1287534,153,pose,30.516489028930664,0,0,0
1784450744.130477,153,e2e,1307.3773409996647,0,0,0
1784450744.1326075,-1,falldown,100.17092514038086,0,0,0
1784450744.1362329,135,pose,28.722349166870117,0,0,0
1784450744.1368902,135,e2e,1369.1839710008935,0,0,0
1784450744.141416,148,detect,17.445554733276367,0,0,0
1784450744.1465232,139,detect,16.198667526245117,0,0,0
1784450744.1773317,139,track,8.636487007141113,0,0,0
1784450744.1792512,155,detect,18.388017654418945,0,0,0
1784450744.1807628,148,track,9.545175552368164,0,0,0
1784450744.1821535,137,detect,18.378585815429688,0,0,0
1784450744.2030513,137,track,10.22360610961914,0,0,0
1784450744.208137,155,track,9.002951622009277,0,0,0
1784450744.2249331,139,pose,30.404775619506836,0,0,0
1784450744.2255418,148,pose,30.64234161376953,0,0,0
1784450744.2261426,139,e2e,1340.8875000004628,0,0,0
1784450744.2265801,148,e2e,1388.1438819989853,0,0,0
1784450744.261808,155,pose,32.927467346191406,0,0,0
1784450744.2624164,137,pose,27.342958450317383,0,0,0
1784450744.2629273,137,e2e,1371.2362959995517,0,0,0
1784450744.2633674,141,detect,16.77205467224121,0,0,0
1784450744.263724,155,e2e,1322.41381699896,0,0,0
1784450744.276349,151,detect,17.933212280273438,0,0,0
1784450744.2913585,141,track,8.486961364746094,0,0,0
1784450744.3003037,151,track,9.178454399108887,0,0,0
1784450744.3042521,140,detect,16.814411163330078,0,0,0
1784450744.3135498,158,detect,19.140893936157227,0,0,0
1784450744.3379903,141,pose,27.67900848388672,0,0,0
1784450744.3386958,141,e2e,1322.469374999855,0,0,0
1784450744.3392344,158,track,8.865814208984375,0,0,0
1784450744.3496575,151,pose,27.686588287353516,0,0,0
1784450744.3510544,151,e2e,1314.511840000705,0,0,0
1784450744.3517973,140,track,9.58314323425293,0,0,0
1784450744.388605,158,pose,30.0931339263916,0,0,0
1784450744.3893993,158,e2e,1274.0124569991167,0,0,0
1784450744.404747,143,detect,17.034631729125977,0,0,0
1784450744.4053307,140,pose,30.282346725463867,0,0,0
1784450744.4057713,140,e2e,1312.3765380005352,0,0,0
1784450744.4061162,153,detect,17.931570053100586,0,0,0
1784450744.4337404,143,track,8.957280158996582,0,0,0
1784450744.434343,153,track,9.669371604919434,0,0,0
1784450744.44038,160,detect,18.131637573242188,0,0,0
1784450744.4587543,142,detect,17.811668395996094,0,0,0
1784450744.4668827,160,track,9.2572021484375,0,0,0
1784450744.4782605,153,pose,28.1385498046875,0,0,0
1784450744.4821913,153,e2e,1324.784077000004,0,0,0
1784450744.4841042,142,track,9.183377265930176,0,0,0
1784450744.4866796,143,pose,27.139827728271484,0,0,0
1784450744.490103,143,e2e,1353.0809349995252,0,0,0
1784450744.5097182,160,pose,29.90981101989746,0,0,0
1784450744.5121171,160,e2e,1275.5822039998748,0,0,0
1784450744.5307777,155,detect,17.443214416503906,0,0,0
1784450744.533187,142,pose,29.676921844482422,0,0,0
1784450744.5338402,142,e2e,1318.3032580000145,0,0,0
1784450744.5370026,146,detect,17.611604690551758,0,0,0
1784450744.556919,155,track,10.70235824584961,0,0,0
1784450744.5575063,162,detect,17.815929412841797,0,0,0
1784450744.561793,146,track,9.213282585144043,0,0,0
1784450744.579329,162,track,8.578378677368164,0,0,0
1784450744.5881133,144,detect,16.466907501220703,0,0,0
1784450744.601367,155,pose,30.803512573242188,0,0,0
1784450744.6088855,146,pose,27.351749420166016,0,0,0
1784450744.609518,146,e2e,1299.9710669992055,0,0,0
1784450744.6128297,144,track,9.19478988647461,0,0,0
1784450744.630699,162,pose,28.21474266052246,0,0,0
1784450744.6342068,162,e2e,1279.4659920000413,0,0,0
1784450744.6562204,144,pose,29.07623863220215,0,0,0
1784450744.6575375,144,e2e,1317.1921569992264,0,0,0
1784450746.8146145,145,detect,17.399185180664062,0,0,0
1784450746.8162487,163,detect,16.1083927154541,0,0,0
1784450746.8394349,147,detect,18.722612380981445,0,0,0
1784450746.856413,163,track,9.550633430480957,0,0,0
1784450746.8922143,145,track,9.880936622619629,0,0,0
1784450746.8944924,147,track,8.798805236816406,0,0,0
1784450746.9179668,163,pose,30.181665420532227,0,0,0
1784450746.9525647,145,pose,29.05228042602539,0,0,0
1784450746.9543731,145,e2e,3556.0028390009393,0,0,0
1784450746.9838328,147,pose,31.26445198059082,0,0,0
1784450747.7373276,-1,violence,69.17367553710938,0,0,0
1784450749.8650072,155,e2e,6590.599609000492,0,0,0
1784450750.105786,-1,falldown,102.30619287490845,0,0,0
1784450752.2342775,149,detect,18.787410736083984,0,0,0
1784450752.267577,149,track,9.605027198791504,0,0,0
1784450752.3297496,149,pose,28.624164581298828,0,0,0
1784450752.3359294,149,e2e,8360.789993999788,0,0,0
1784450752.9243162,-1,violence,70.71204376220703,0,0,0
1784450755.0615413,162,detect,18.822839736938477,0,0,0
1784450755.0626738,163,e2e,11644.166190999385,0,0,0
1784450755.0790303,150,detect,16.379735946655273,0,0,0
1784450755.0982273,162,track,9.982131004333496,0,0,0
1784450755.115314,150,track,9.007423400878906,0,0,0
1784450755.157777,162,pose,30.878568649291992,0,0,0
1784450755.1625113,162,e2e,11125.125378999655,0,0,0
1784450755.1768472,-1,process:analysis_actor_0,0,98.0,411680768,0
1784450755.1777866,150,pose,27.12343406677246,0,0,0
1784450755.285498,-1,falldown,96.23106527328491,0,0,0
1784450755.3407621,147,e2e,11965.082925000388,0,0,0
1784450755.361045,168,detect,16.994802474975586,0,0,0
1784450755.4156408,154,detect,16.567047119140625,0,0,0
1784450755.4566028,150,e2e,11417.897429000732,0,0,0
1784450755.459077,168,track,9.101202964782715,0,0,0
1784450755.462941,163,detect,19.208215713500977,0,0,0
1784450755.4864428,154,track,8.827998161315918,0,0,0
1784450755.4952614,163,track,9.93861198425293,0,0,0
1784450755.519117,154,detect,18.10586166381836,0,0,0
1784450755.524394,168,pose,27.137027740478516,0,0,0
1784450755.5313406,168,e2e,11503.433433001192,0,0,0
1784450755.5467458,-1,process:analysis_actor_1,0,77.7,453320704,0
1784450755.5597575,154,pose,33.19484329223633,0,0,0
1784450755.5609064,154,e2e,11417.473743998926,0,0,0
1784450755.5720074,-1,process:analysis_actor_2,0,0.0,453279744,0
1784450755.5759428,163,pose,30.566314697265625,0,0,0
1784450755.5790818,163,e2e,11464.500222000424,0,0,0
1784450755.5942664,154,track,8.768261909484863,0,0,0
1784450755.610014,172,detect,16.757204055786133,0,0,0
1784450755.6197007,158,detect,16.789701461791992,0,0,0
1784450755.6279242,-1,falldown,109.82220125198364,0,0,0
1784450755.6366694,168,detect,16.23257827758789,0,0,0
1784450755.6430085,172,track,8.838579177856445,0,0,0
1784450755.6505415,154,pose,27.932788848876953,0,0,0
1784450755.6539168,154,e2e,11400.892298001054,0,0,0
1784450755.66607,-1,process:analysis_actor_3,0,0.0,461025280,0
1784450755.6669538,158,track,9.155255317687988,0,0,0
1784450755.7091315,168,track,8.762168884277344,0,0,0
1784450755.715866,-1,violence,69.26739120483398,0,0,0
1784450755.7306275,158,pose,27.893068313598633,0,0,0
1784450755.732987,172,pose,27.756179809570312,0,0,0
1784450755.73747,172,e2e,11478.827308999826,0,0,0
1784450755.7393456,158,e2e,11361.955469999884,0,0,0
1784450755.7402408,157,detect,17.94075584411621,0,0,0
1784450755.763953,168,pose,32.82332229614258,0,0,0
1784450755.7650442,168,e2e,11390.712574000645,0,0,0
1784450755.7660713,157,track,8.595162391662598,0,0,0
1784450755.7810152,161,detect,15.863866806030273,0,0,0
1784450755.7867475,175,detect,18.523082733154297,0,0,0
1784450755.8075519,161,track,8.845503807067871,0,0,0
1784450755.810062,157,pose,28.476652145385742,0,0,0
1784450755.8178017,157,e2e,11381.613179999476,0,0,0
1784450755.8187492,175,track,9.309789657592773,0,0,0
1784450755.8192923,171,detect,17.762020111083984,0,0,0
1784450755.8472393,171,track,9.483919143676758,0,0,0
1784450755.8655698,175,pose,27.147077560424805,0,0,0
1784450755.8661933,175,e2e,11433.368772000904,0,0,0
1784450755.8666358,160,detect,17.681306838989258,0,0,0
1784450755.8683708,161,pose,30.55841636657715,0,0,0
1784450755.8700645,161,e2e,11327.634078999836,0,0,0
1784450755.8935535,160,track,10.202773094177246,0,0,0
1784450755.8957942,171,pose,27.9993839263916,0,0,0
1784450755.8975742,171,e2e,11353.001372001017,0,0,0
1784450755.9242506,163,detect,18.72092628479004,0,0,0
1784450755.9254963,178,detect,16.842784881591797,0,0,0
1784450755.9483676,173,detect,17.505802154541016,0,0,0
1784450755.9508367,178,track,8.637673377990723,0,0,0
1784450755.9535964,163,track,9.835579872131348,0,0,0
1784450755.954185,160,pose,31.25401496887207,0,0,0
1784450755.957371,160,e2e,11356.850690999636,0,0,0
1784450755.9770029,173,track,8.44758415222168,0,0,0
1784450755.999218,163,pose,26.85934829711914,0,0,0
1784450755.9998007,163,e2e,11267.106925000917,0,0,0
1784450756.0108762,178,pose,32.4163932800293,0,0,0
1784450756.011457,178,e2e,11279.814386998623,0,0,0
1784450756.0248058,162,detect,17.90071678161621,0,0,0
1784450756.0399477,173,pose,30.44232940673828,0,0,0
1784450756.0429757,173,e2e,11312.305421000929,0,0,0
1784450756.0615664,162,track,10.026786804199219,0,0,0
1784450756.0720792,180,detect,17.372419357299805,0,0,0
1784450756.0732882,165,detect,16.290403366088867,0,0,0
1784450756.0900757,176,detect,16.760610580444336,0,0,0
1784450756.097317,180,track,8.722713470458984,0,0,0
1784450756.1001666,165,track,9.635599136352539,0,0,0
1784450756.1073227,162,pose,31.40727424621582,0,0,0
1784450756.1086423,162,e2e,9320.578659999228,0,0,0
1784450756.1171632,176,track,8.877299308776855,0,0,0
1784450756.1601503,165,pose,30.183979034423828,0,0,0
1784450756.16538,180,pose,34.009464263916016,0,0,0
1784450756.167764,180,e2e,9310.954902999583,0,0,0
1784450756.1688886,165,e2e,9310.191022001163,0,0,0
1784450756.1866245,176,pose,30.72069549560547,0,0,0
1784450756.1875715,176,e2e,9284.63446800015,0,0,0
1784450756.4617684,182,detect,16.315479278564453,0,0,0
1784450756.4709616,165,detect,16.232133865356445,0,0,0
1784450756.4831069,167,detect,16.797367095947266,0,0,0
1784450756.4895728,177,detect,17.886674880981445,0,0,0
1784450756.4908912,-1,falldown,99.73213386535645,0,0,0
1784450756.4968648,182,track,9.47509765625,0,0,0
1784450756.5190513,165,track,9.138079643249512,0,0,0
1784450756.519815,177,track,9.129169464111328,0,0,0
1784450756.5352657,167,track,8.755393028259277,0,0,0
1784450756.546489,182,pose,31.40977668762207,0,0,0
1784450756.5471268,182,e2e,6688.244367000152,0,0,0
1784450756.5673106,165,pose,30.967531204223633,0,0,0
1784450756.568088,165,e2e,6710.404433999429,0,0,0
1784450756.5820944,177,pose,27.91525650024414,0,0,0
1784450756.5827868,177,e2e,6712.231543000598,0,0,0
1784450756.6007955,167,pose,31.00071144104004,0,0,0
1784450756.6014185,185,detect,17.863679885864258,0,0,0
1784450756.6026022,167,e2e,6727.019713998743,0,0,0
1784450756.6063442,168,detect,16.20933723449707,0,0,0
1784450756.6239061,180,detect,17.132566452026367,0,0,0
1784450756.632908,185,track,9.63257122039795,0,0,0
1784450756.6344461,168,track,8.921626091003418,0,0,0
1784450756.6638544,180,track,9.10034465789795,0,0,0
1784450756.6645396,171,detect,17.328018188476562,0,0,0
1784450756.6766825,168,pose,26.853349685668945,0,0,0
1784450756.6774044,168,e2e,1256.9510739995167,0,0,0
1784450756.6934116,185,pose,31.27405548095703,0,0,0
1784450756.6940322,185,e2e,1258.551697999792,0,0,0
1784450756.6944277,171,track,13.25423526763916,0,0,0
1784450756.7050753,-1,violence,73.58660125732422,0,0,0
1784450756.7086682,180,pose,28.57485580444336,0,0,0
1784450756.7141871,180,e2e,1276.2344950006081,0,0,0
1784450756.7410438,170,detect,17.32685661315918,0,0,0
1784450756.748397,187,detect,17.400083541870117,0,0,0
1784450756.7510371,171,pose,28.804058074951172,0,0,0
1784450756.7519834,171,e2e,1257.246415998452,0,0,0
1784450756.7607872,183,detect,18.8813419342041,0,0,0
1784450756.7679915,170,track,10.01766300201416,0,0,0
1784450756.7715356,187,track,10.089433670043945,0,0,0
1784450756.786798,183,track,9.5247163772583,0,0,0
1784450756.8051891,173,detect,17.197750091552734,0,0,0
1784450756.8128767,170,pose,28.737041473388672,0,0,0
1784450756.8147585,170,e2e,1273.1208309996873,0,0,0
1784450756.8238251,187,pose,31.183921813964844,0,0,0
1784450756.824473,173,track,8.897109031677246,0,0,0
1784450756.8249395,187,e2e,1266.7129239998758,0,0,0
1784450756.8476548,183,pose,29.82461166381836,0,0,0
1784450756.8503778,183,e2e,1233.4765079995123,0,0,0
1784450756.8673365,173,pose,27.85840606689453,0,0,0
1784450756.8681915,173,e2e,1257.4417119994905,0,0,0
1784450756.871499,190,detect,17.26487922668457,0,0,0
1784450756.8720524,173,detect,18.295839309692383,0,0,0
1784450756.8895185,185,detect,17.146242141723633,0,0,0
1784450756.895963,173,track,9.056705474853516,0,0,0
1784450756.8972583,190,track,9.326870918273926,0,0,0
1784450756.9144952,185,track,11.752193450927734,0,0,0
1784450756.9155777,175,detect,16.866044998168945,0,0,0
1784450756.938681,175,track,9.914427757263184,0,0,0
1784450756.943143,190,pose,29.815397262573242,0,0,0
1784450756.9441278,190,e2e,1211.2363590003952,0,0,0
1784450756.945963,173,pose,30.32341766357422,0,0,0
1784450756.9465551,173,e2e,1205.6905219997134,0,0,0
1784450756.9708319,185,pose,26.896764755249023,0,0,0
1784450756.9714622,185,e2e,1239.21870400045,0,0,0
1784450756.9839098,192,detect,16.97113609313965,0,0,0
1784450756.9870217,175,pose,31.516008377075195,0,0,0
1784450756.9920688,175,e2e,1261.496678000185,0,0,0
1784450756.9946396,175,detect,17.157154083251953,0,0,0
1784450757.0100305,192,track,8.507737159729004,0,0,0
1784450757.0159416,187,detect,16.524192810058594,0,0,0
1784450757.0169225,175,track,9.286188125610352,0,0,0
1784450757.0379038,187,track,8.555614471435547,0,0,0
1784450757.0421824,178,detect,18.69022560119629,0,0,0
1784450757.0556056,192,pose,30.93402862548828,0,0,0
1784450757.056215,192,e2e,1212.6113009999244,0,0,0
1784450757.0609145,175,pose,30.747655868530273,0,0,0
1784450757.0634782,175,e2e,1211.0316409998632,0,0,0
1784450757.0653512,178,track,10.300010681152344,0,0,0
1784450757.0917013,187,pose,30.724782943725586,0,0,0
1784450757.0925374,187,e2e,1236.0831249989133,0,0,0
1784450757.1064463,194,detect,18.536815643310547,0,0,0
1784450757.1146023,177,detect,16.630756378173828,0,0,0
1784450757.1287475,178,pose,29.20353126525879,0,0,0
1784450757.13096,178,e2e,1226.5379630007374,0,0,0
1784450757.131672,194,track,10.3475923538208,0,0,0
1784450757.1419003,177,track,9.470032691955566,0,0,0
1784450757.1908636,177,pose,31.474035263061523,0,0,0
1784450757.191488,194,pose,32.33141326904297,0,0,0
1784450757.191988,194,e2e,1232.9619339998317,0,0,0
1784450757.1927438,177,e2e,1226.8660459994862,0,0,0
1784450757.3648899,180,detect,17.777868270874023,0,0,0
1784450757.3657134,189,detect,16.915828704833984,0,0,0
1784450757.3830252,195,detect,18.23176383972168,0,0,0
1784450757.3866465,180,track,9.804291725158691,0,0,0
1784450757.3933537,178,detect,18.25157356262207,0,0,0
1784450757.3976488,189,track,9.659236907958984,0,0,0
1784450757.4059138,195,track,9.03195858001709,0,0,0
1784450757.433565,178,track,8.973054885864258,0,0,0
1784450757.4341452,180,pose,29.307645797729492,0,0,0
1784450757.4345942,189,pose,28.404386520385742,0,0,0
1784450757.4399195,180,e2e,1427.493629998935,0,0,0
1784450757.4729266,195,pose,30.563142776489258,0,0,0
1784450757.5036623,178,pose,31.083253860473633,0,0,0
1784450757.5044243,178,e2e,1479.053085000487,0,0,0
1784450759.6136813,183,detect,18.194732666015625,0,0,0
1784450759.6442015,183,track,8.978665351867676,0,0,0
1784450759.6967695,183,pose,26.83101463317871,0,0,0
1784450760.3323276,-1,violence,72.63953018188477,0,0,0
1784450761.7600894,181,detect,19.49713706970215,0,0,0
1784450761.7868552,181,track,9.866839408874512,0,0,0
1784450761.831767,181,pose,27.169485092163086,0,0,0
1784450762.2041278,-1,violence,72.93024444580078,0,0,0
1784450763.9336817,189,e2e,7966.457987999092,0,0,0
1784450764.1833012,-1,falldown,98.62258052825928,0,0,0
1784450764.625476,-1,violence,75.5814437866211,0,0,0
1784450766.8307042,195,e2e,10807.237865999923,0,0,0
1784450767.1415823,-1,falldown,98.91487550735474,0,0,0
1784450767.4052837,-1,violence,74.86972045898438,0,0,0
1784450769.0765102,196,detect,18.473119735717773,0,0,0
1784450769.1061628,183,e2e,12627.745792000496,0,0,0
1784450769.2576773,196,track,10.099678993225098,0,0,0
1784450769.3910272,201,detect,20.0833797454834,0,0,0
1784450769.4073286,181,e2e,12941.441258999475,0,0,0
1784450769.4465804,201,track,9.961234092712402,0,0,0
1784450769.4499576,188,detect,19.37392807006836,0,0,0
1784450769.4892378,188,track,9.577400207519531,0,0,0
1784450769.5203314,196,pose,30.709087371826172,0,0,0
1784450769.5219882,196,e2e,12858.512251999855,0,0,0
1784450769.5235782,186,detect,18.99134635925293,0,0,0
1784450769.5707006,201,pose,42.7239875793457,0,0,0
1784450769.6052635,201,e2e,12901.274421999915,0,0,0
1784450769.6099951,186,track,12.206299781799316,0,0,0
1784450769.62162,188,pose,48.11381149291992,0,0,0
1784450769.6229773,188,e2e,12851.358718000483,0,0,0
1784450769.6676087,186,pose,30.50480842590332,0,0,0
1784450769.6682441,186,e2e,12920.98875999909,0,0,0
1784450769.6755688,202,detect,16.355546951293945,0,0,0
1784450769.679158,206,detect,18.56727409362793,0,0,0
1784450769.718194,193,detect,31.341463088989258,0,0,0
1784450769.7695186,206,track,10.622113227844238,0,0,0
1784450769.7713456,202,track,18.583415985107422,0,0,0
1784450769.8101428,190,detect,18.713815689086914,0,0,0
1784450769.8253603,193,track,13.215027809143066,0,0,0
1784450769.8481424,-1,falldown,121.85873699188232,0,0,0
1784450769.849057,-1,falldown,132.84485721588135,0,0,0
1784450769.8594716,206,pose,35.43169021606445,0,0,0
1784450769.866095,206,e2e,12936.175959999673,0,0,0
1784450769.8701673,190,track,10.114874839782715,0,0,0
1784450769.8913481,202,pose,32.476280212402344,0,0,0
1784450769.8919568,202,e2e,12908.029551001164,0,0,0
1784450769.89462,193,pose,30.93172836303711,0,0,0
1784450769.8955104,193,e2e,12855.049110999971,0,0,0
1784450769.9159465,209,detect,18.13591766357422,0,0,0
1784450769.9273038,190,pose,32.01722717285156,0,0,0
1784450769.928389,190,e2e,12961.904100999163,0,0,0
1784450769.9435258,197,detect,18.63968849182129,0,0,0
1784450769.9605443,207,detect,18.402698516845703,0,0,0
1784450769.9695306,209,track,23.72594451904297,0,0,0
1784450769.9867496,193,detect,21.266206741333008,0,0,0
1784450769.9962966,197,track,9.778583526611328,0,0,0
1784450770.0012996,207,track,8.859299659729004,0,0,0
1784450770.0221002,193,track,9.876338958740234,0,0,0
1784450770.0394108,209,pose,30.011743545532227,0,0,0
1784450770.0399868,209,e2e,12951.423021000664,0,0,0
1784450770.0503125,197,pose,28.5227108001709,0,0,0
1784450770.0514185,197,e2e,12641.454713999337,0,0,0
1784450770.0837648,207,pose,31.237443923950195,0,0,0
1784450770.0921664,193,pose,28.337968826293945,0,0,0
1784450770.0976071,193,e2e,12953.539296999224,0,0,0
1784450770.1449852,200,detect,17.863971710205078,0,0,0
1784450770.1520572,207,e2e,12695.411618000435,0,0,0
1784450770.1740687,212,detect,16.54536247253418,0,0,0
1784450770.2078075,200,track,16.24740982055664,0,0,0
1784450770.2466223,196,detect,20.75733184814453,0,0,0
1784450770.2590637,212,track,9.186383247375488,0,0,0
1784450770.3024008,200,pose,32.04423522949219,0,0,0
1784450770.309094,200,e2e,8534.325413998886,0,0,0
1784450770.337808,196,track,9.482437133789062,0,0,0
1784450770.3513448,211,detect,24.239925384521484,0,0,0
1784450770.4029496,212,pose,28.818809509277344,0,0,0
1784450770.40354,212,e2e,12978.161664999789,0,0,0
1784450770.4382522,203,detect,21.29961585998535,0,0,0
1784450770.4751897,211,track,15.767793655395508,0,0,0
1784450770.4985123,217,detect,21.215158462524414,0,0,0
1784450770.499128,203,track,10.7559175491333,0,0,0
1784450770.5574176,217,track,11.522768020629883,0,0,0
1784450770.5581424,196,pose,33.46218490600586,0,0,0
1784450770.558596,196,e2e,13079.820008999377,0,0,0
1784450770.593674,203,pose,28.42999839782715,0,0,0
1784450770.596423,203,e2e,1518.4512130017538,0,0,0
1784450770.6688673,211,pose,29.491010665893555,0,0,0
1784450770.6739776,211,e2e,6766.070335001132,0,0,0
1784450770.6843207,201,detect,18.24671173095703,0,0,0
1784450770.7131422,206,detect,17.217222213745117,0,0,0
1784450770.7555466,217,pose,35.04970932006836,0,0,0
1784450770.7622051,201,track,9.653718948364258,0,0,0
1784450770.7719512,217,e2e,1686.6413919997285,0,0,0
1784450770.7851562,218,detect,17.569507598876953,0,0,0
1784450770.7989035,206,track,10.552322387695312,0,0,0
1784450770.8637898,201,pose,28.47914695739746,0,0,0
1784450770.8734806,218,track,14.084346771240234,0,0,0
1784450770.8741446,220,detect,16.826236724853516,0,0,0
1784450770.8745627,201,e2e,1449.4440859998576,0,0,0
1784450770.883747,206,pose,38.266075134277344,0,0,0
1784450770.88445,206,e2e,1433.3734779993392,0,0,0
1784450770.9132245,220,track,9.579927444458008,0,0,0
1784450770.953224,218,pose,31.145231246948242,0,0,0
1784450770.9551892,210,detect,16.62787628173828,0,0,0
1784450770.9655085,218,e2e,1328.8918440011912,0,0,0
1784450770.969197,205,detect,19.51396942138672,0,0,0
1784450770.9877675,220,pose,29.553932189941406,0,0,0
1784450770.998594,220,e2e,1460.0118959988322,0,0,0
1784450771.0066717,210,track,9.156989097595215,0,0,0
1784450771.0076976,222,detect,17.073434829711914,0,0,0
1784450771.0363657,205,track,8.969063758850098,0,0,0
1784450771.0523944,222,track,8.930371284484863,0,0,0
1784450771.062464,210,pose,28.524625778198242,0,0,0
1784450771.063023,210,e2e,1271.9708280001214,0,0,0
1784450771.100396,224,detect,22.35443115234375,0,0,0
1784450771.1077588,205,pose,34.177734375,0,0,0
1784450771.130757,224,track,9.13798713684082,0,0,0
1784450771.1317058,205,e2e,1415.9165850014688,0,0,0
1784450771.1432579,222,pose,36.58845901489258,0,0,0
1784450771.1536624,222,e2e,1214.6066730001621,0,0,0
1784450771.1593442,213,detect,16.971664428710938,0,0,0
1784450771.1967018,224,pose,36.77970886230469,0,0,0
1784450771.2117069,224,e2e,1326.7380409997713,0,0,0
1784450771.2162068,209,detect,18.72885513305664,0,0,0
1784450771.230471,213,track,8.457475662231445,0,0,0
1784450771.2310843,224,detect,18.47325325012207,0,0,0
1784450771.282177,224,track,14.727927207946777,0,0,0
1784450771.2935908,227,detect,21.295564651489258,0,0,0
1784450771.3039215,209,track,13.917149543762207,0,0,0
1784450771.3133502,213,pose,35.53472137451172,0,0,0
1784450771.3245282,213,e2e,1338.5772929996165,0,0,0
1784450771.3274324,224,pose,30.697147369384766,0,0,0
1784450771.3311589,224,e2e,1278.5389789987676,0,0,0
1784450771.346383,227,track,10.790413856506348,0,0,0
1784450771.3727064,209,pose,34.71346664428711,0,0,0
1784450771.3899257,209,e2e,1381.1196070000733,0,0,0
1784450771.4098716,216,detect,17.820016860961914,0,0,0
1784450771.4147892,227,pose,33.684471130371094,0,0,0
1784450771.4155269,227,e2e,1364.891555000213,0,0,0
1784450771.432707,227,detect,17.624610900878906,0,0,0
1784450771.4668698,227,track,9.364775657653809,0,0,0
1784450771.4673986,216,track,10.045772552490234,0,0,0
1784450771.512448,230,detect,23.920654296875,0,0,0
1784450771.5303352,213,detect,17.488319396972656,0,0,0
1784450771.5535893,216,pose,30.690696716308594,0,0,0
1784450771.555577,216,e2e,1384.768077001354,0,0,0
1784450771.567045,-1,process:analysis_actor_2,0,0.0,497479680,0
1784450771.5828948,213,track,12.484065055847168,0,0,0
1784450771.590595,227,pose,42.5765380859375,0,0,0
1784450771.5911953,227,e2e,1349.7486680007569,0,0,0
1784450771.6074162,230,track,10.11076545715332,0,0,0
1784450771.711318,230,pose,27.6531925201416,0,0,0
1784450771.7183542,230,e2e,1403.582663000634,0,0,0
1784450771.7300348,-1,process:analysis_actor_1,0,0.0,504135680,0
1784450771.742516,230,detect,22.1221923828125,0,0,0
1784450771.7460377,218,detect,16.405414581298828,0,0,0
1784450771.746477,213,pose,44.434906005859375,0,0,0
1784450771.746904,213,e2e,1425.569187000292,0,0,0
1784450771.7720258,218,track,9.95257568359375,0,0,0
1784450771.822312,218,pose,29.299739837646484,0,0,0
1784450771.838368,218,e2e,1494.7952420006914,0,0,0
1784450771.839771,214,detect,17.760156631469727,0,0,0
1784450771.845158,230,track,12.181806564331055,0,0,0
1784450771.861912,231,detect,17.979806900024414,0,0,0
1784450771.8773503,214,track,10.255772590637207,0,0,0
1784450771.8995135,219,detect,18.226560592651367,0,0,0
1784450771.9212391,231,track,10.588122367858887,0,0,0
1784450771.9323435,230,pose,31.569398880004883,0,0,0
1784450771.943761,230,e2e,1462.5129960004415,0,0,0
1784450771.9617155,-1,process:analysis_actor_0,0,99.0,459890688,0
1784450771.9679224,219,track,9.289381980895996,0,0,0
1784450771.9763587,214,pose,31.40008544921875,0,0,0
1784450771.9882848,214,e2e,1543.4341270010918,0,0,0
1784450772.0057094,-1,process:analysis_actor_3,0,0.0,532525056,0
1784450772.0085237,231,pose,31.825931549072266,0,0,0
1784450772.0095003,231,e2e,1615.13369199929,0,0,0
1784450772.0426307,219,pose,31.729063034057617,0,0,0
1784450772.0603354,219,e2e,1624.6311329996388,0,0,0
1784450772.062817,217,detect,18.852027893066406,0,0,0
1784450772.0971193,233,detect,17.501222610473633,0,0,0
1784450772.104246,217,track,11.27918529510498,0,0,0
1784450772.109188,222,detect,20.561294555664062,0,0,0
1784450772.1532962,235,detect,20.876802444458008,0,0,0
1784450772.153817,233,track,14.873492240905762,0,0,0
1784450772.161431,222,track,11.444478034973145,0,0,0
1784450772.1942568,235,track,8.43066120147705,0,0,0
1784450772.200144,217,pose,30.84894561767578,0,0,0
1784450772.2017393,217,e2e,1542.4197930005903,0,0,0
1784450772.2350078,222,pose,32.82730484008789,0,0,0
1784450772.2381318,233,pose,28.66250228881836,0,0,0
1784450772.240904,233,e2e,1536.2863299997116,0,0,0
1784450772.2762156,220,detect,16.594741821289062,0,0,0
1784450772.2873893,235,pose,38.675376892089844,0,0,0
1784450772.298921,235,e2e,1549.7615069998574,0,0,0
1784450772.3344605,220,track,9.72002124786377,0,0,0
1784450772.4206967,220,pose,28.661169052124023,0,0,0
1784450772.4460764,220,e2e,1543.3399920002557,0,0,0
1784450776.8454056,221,detect,19.2818660736084,0,0,0
1784450776.8553681,237,detect,16.25861358642578,0,0,0
1784450776.8717778,239,detect,20.226675033569336,0,0,0
1784450776.8856454,237,track,9.825045585632324,0,0,0
1784450776.8948884,221,track,9.623979568481445,0,0,0
1784450776.926449,239,track,9.141097068786621,0,0,0
1784450776.9976058,221,pose,33.42371368408203,0,0,0
1784450777.024392,239,pose,30.857641220092773,0,0,0
1784450777.0602107,237,pose,27.786380767822266,0,0,0
1784450777.0610108,237,e2e,3169.0512700006366,0,0,0
